classification,endpoint,acquisition_pair,precision_flag,patients,eyes,mean_observed_loss,risk_r0,risk_r1,delta_r,relative_delta,ci95_lower,ci95_upper,interval_method,positive_contribution_fraction
SECONDARY_SENSITIVITY,drusen,Canon/Canon,estimable,1259,2518,0.35269839411483805,0.29551718657990567,0.29163552187956643,0.003881664700339238,0.013135157197666622,0.0014190627301840977,0.006451495261958965,BCa,0.6354249404289118
SECONDARY_SENSITIVITY,drusen,Nikon/Nikon,estimable,663,1326,0.3570634421021523,0.352947800346478,0.3508407648337333,0.002107035512744715,0.005969821913258286,-0.0011102811989205262,0.005997457064297494,BCa,0.6455505279034691
SECONDARY_SENSITIVITY,drusen,mixed,very_sparse_descriptive,2,4,0.18716189057767812,0.0634544457263575,0.07393104271955982,-0.010476596993202317,-0.1651042235619211,-0.029721338896446778,0.008768144910042151,BCa,0.5
SECONDARY_SENSITIVITY,increased_cup_disc,Canon/Canon,estimable,1259,2518,0.37873859989439024,0.25212835352833,0.24545579228128694,0.006672561247043074,0.02646493801139792,0.003491823608530184,0.010447244860820779,BCa,0.6290706910246228
SECONDARY_SENSITIVITY,increased_cup_disc,Nikon/Nikon,estimable,663,1326,0.29056808953529234,0.3151079434970493,0.30589409093954256,0.00921385255750673,0.029240305576723774,0.004897101635444638,0.014566505216572254,BCa,0.717948717948718
SECONDARY_SENSITIVITY,increased_cup_disc,mixed,very_sparse_descriptive,2,4,0.0640863366089428,0.021734362753743287,0.01251510326366179,0.009219259490081497,0.42417896464407145,0.004497256367961602,0.013941262612201393,BCa,1.0
SECONDARY_SENSITIVITY,diabetic_retinopathy,Canon/Canon,estimable,1259,2518,0.11776091337742689,0.19609695894721008,0.19768197492242917,-0.001585015975219095,-0.008082817723072322,-0.0068366351755340385,0.003616102926972946,BCa,0.8371723590150913
SECONDARY_SENSITIVITY,diabetic_retinopathy,Nikon/Nikon,estimable,663,1326,0.09563825592097601,0.16881215798593988,0.17040506465112434,-0.001592906665184468,-0.00943597122499399,-0.007603437980628889,0.004573038929082953,BCa,0.8446455505279035
SECONDARY_SENSITIVITY,diabetic_retinopathy,mixed,very_sparse_descriptive,2,4,0.12254327525981114,0.014934306352208363,0.046521137439007765,-0.031586831086799404,-2.11505177019009,-0.06353710132688291,0.000363439153284099,BCa,0.5
