endpoint,state,patients,percent_patients
drusen,00,1501,78.01455301455302
drusen,11,246,12.785862785862786
drusen,10,91,4.72972972972973
drusen,01,86,4.46985446985447
increased_cup_disc,00,1466,76.1954261954262
increased_cup_disc,11,281,14.604989604989605
increased_cup_disc,10,100,5.197505197505198
increased_cup_disc,01,77,4.002079002079002
diabetic_retinopathy,00,1793,93.1912681912682
diabetic_retinopathy,11,100,5.197505197505198
diabetic_retinopathy,10,18,0.9355509355509356
diabetic_retinopathy,01,13,0.6756756756756757
