endpoint,seed,patients,requested_replicates,valid_replicates,failures,estimate,ci95_lower,ci95_upper,acceleration,bias_correction
drusen,20261001,1924,10000,10000,0,0.0032552116469284987,0.001315375208284384,0.0053611375380668526,0.00784883819595264,-0.0010026514778483275
drusen,20261011,1924,10000,10000,0,0.0032552116469284987,0.0012671211006573355,0.005330673804031175,0.00784883819595264,0.02080651581056588
drusen,20261021,1924,10000,10000,0,0.0032552116469284987,0.001266623796623717,0.005379531957958767,0.00784883819595264,0.00726928601715347
increased_cup_disc,20261001,1924,10000,10000,0,0.007550923791389984,0.004959865856580267,0.010564039797903867,0.016293385548264278,0.021307952628745325
increased_cup_disc,20261011,1924,10000,10000,0,0.007550923791389984,0.0049045889489699795,0.010536136357041485,0.016293385548264278,0.003759951271145795
increased_cup_disc,20261021,1924,10000,10000,0,0.007550923791389984,0.0049563315835228616,0.010541669701241378,0.016293385548264278,0.016043109130585573
diabetic_retinopathy,20261001,1924,10000,10000,0,-0.0016189219823241833,-0.00563664443614709,0.0023047828575704313,-0.005866919277734494,0.0012533144654324165
diabetic_retinopathy,20261011,1924,10000,10000,0,-0.0016189219823241833,-0.005831492145347762,0.002307305854916773,-0.005866919277734494,-0.006767948008927391
diabetic_retinopathy,20261021,1924,10000,10000,0,-0.0016189219823241833,-0.005762773684665036,0.0022806966504953395,-0.005866919277734494,-0.011029388020359056
