classification,endpoint,patient_mean_nll_band,patients,nll_lower_exclusive,nll_upper_inclusive,mean_observed_nll,risk_r0,risk_r1,delta_r,net_contribution_share
EXPLORATORY_DIAGNOSTIC,drusen,0-50%,962,,0.1413923965597592,0.06902599303542917,0.029899285902124963,0.022659179849359997,0.007240106052764962,1.1120791576788052
EXPLORATORY_DIAGNOSTIC,drusen,50-90%,769,0.1413923965597592,1.0706950678519094,0.3946359441235949,0.11575601185163464,0.13096456083737013,-0.015208548985735508,-1.8673676131890942
EXPLORATORY_DIAGNOSTIC,drusen,90-95%,96,1.0706950678519094,1.447648207351938,1.2600400093715904,1.4455058082989687,1.385642887311694,0.05986292098727473,0.9175819014172877
EXPLORATORY_DIAGNOSTIC,drusen,95-99%,77,1.447648207351938,2.2298400601903046,1.7750326098312557,2.8877674903064334,2.80230398720027,0.08546350310616331,1.0507202858776286
EXPLORATORY_DIAGNOSTIC,drusen,99-100%,20,2.2298400601903046,,2.6817632948828405,6.3640648961610635,6.430770436060653,-0.06670553989959034,-0.21301373178462735
EXPLORATORY_DIAGNOSTIC,increased_cup_disc,0-50%,962,,0.13276137890830053,0.054264699872710175,0.024104571207388653,0.01610438215653233,0.008000189050856324,0.5297490262038281
EXPLORATORY_DIAGNOSTIC,increased_cup_disc,50-90%,769,0.13276137890830053,1.0059547343671795,0.40912947107771647,0.09551475768631564,0.11114515287809279,-0.015630395191777127,-0.8273535670191082
EXPLORATORY_DIAGNOSTIC,increased_cup_disc,90-95%,96,1.0059547343671795,1.4209423618329295,1.1852675496281009,0.9187922275146535,0.8437986758323962,0.07499355168225737,0.4955528753828278
EXPLORATORY_DIAGNOSTIC,increased_cup_disc,95-99%,77,1.4209423618329295,2.2079426495501826,1.7539465304388844,2.674463979825027,2.5363091067013133,0.13815487312371408,0.7322371832089766
EXPLORATORY_DIAGNOSTIC,increased_cup_disc,99-100%,20,2.2079426495501826,,2.697197057887556,6.780620295300008,6.729907134391785,0.05071316090822351,0.06981448222347603
EXPLORATORY_DIAGNOSTIC,diabetic_retinopathy,0-50%,962,,0.012731557295335426,0.005360426004323619,0.0009883715562681535,0.00036800614175426733,0.0006203654145138861,-0.19159830470127626
EXPLORATORY_DIAGNOSTIC,diabetic_retinopathy,50-90%,769,0.012731557295335426,0.14860131074647148,0.041377348225935966,0.0225438266468679,0.022669698178233888,-0.00012587153136599084,0.0310758393667994
EXPLORATORY_DIAGNOSTIC,diabetic_retinopathy,90-95%,96,0.14860131074647148,0.5395559276749712,0.28779673467815914,0.04247464438691073,0.10564256883746426,-0.06316792445055353,1.9468695493836257
EXPLORATORY_DIAGNOSTIC,diabetic_retinopathy,95-99%,77,0.5395559276749712,2.0919648610477597,1.148799907732881,1.4896050304979238,1.5177078577353034,-0.028102827237379592,0.6947199186479949
EXPLORATORY_DIAGNOSTIC,diabetic_retinopathy,99-100%,20,2.0919648610477597,,2.9426125070933984,11.088711566693254,10.858049755223371,0.23066181146988626,-1.4810670026971433
