classification,endpoint,quality_dimension,stratum,patients,eyes,mean_observed_loss,risk_r0,risk_r1,delta_r,relative_delta,ci95_lower,ci95_upper,interval_method,positive_contribution_fraction
SECONDARY_MECHANISTIC_DESCRIPTIVE,drusen,image_field,both_satisfactory,1621,3242,0.3574626563476198,0.3171296261318756,0.3133716055061482,0.003758020625727443,0.011850108965110382,0.0016556779116727552,0.00612502471234715,BCa,0.6446637877853177
SECONDARY_MECHANISTIC_DESCRIPTIVE,drusen,image_field,own_abnormal__fellow_satisfactory,259,259,0.3184020925621444,0.2742742615956159,0.27400228485380085,0.00027197674181506093,0.0009916232760333072,-0.004156840423261591,0.006196262741752342,BCa,0.555984555984556
SECONDARY_MECHANISTIC_DESCRIPTIVE,drusen,image_field,own_satisfactory__fellow_abnormal,259,259,0.3682797489521197,0.33672487434818454,0.3345516324895608,0.00217324185862372,0.006454057968929604,-0.006236195470423922,0.012777024264235314,BCa,0.5521235521235521
SECONDARY_MECHANISTIC_DESCRIPTIVE,drusen,image_field,both_abnormal,44,88,0.2905090834062384,0.2953619627449171,0.29866605443515787,-0.0033040916902407624,-0.011186584960143527,-0.016425839960528283,0.0036589296140490724,BCa,0.7045454545454546
SECONDARY_MECHANISTIC_DESCRIPTIVE,drusen,focus,both_satisfactory,1836,3672,0.3588264871048005,0.31948128927032926,0.3163481284473629,0.0031331608229663854,0.009807024474335522,0.0010860085167229846,0.005278892852512567,BCa,0.6312636165577342
SECONDARY_MECHANISTIC_DESCRIPTIVE,drusen,focus,own_abnormal__fellow_satisfactory,67,67,0.22180894834922568,0.27069738582129166,0.2703439430251253,0.00035344279616633667,0.0013056749517325287,-0.008958607527049665,0.015605216396433651,BCa,0.5522388059701493
SECONDARY_MECHANISTIC_DESCRIPTIVE,drusen,focus,own_satisfactory__fellow_abnormal,67,67,0.2991853795983981,0.18857314279217555,0.19043110504248603,-0.0018579622503104853,-0.009852740548308758,-0.014810295236475408,0.007067008695631227,BCa,0.6417910447761194
SECONDARY_MECHANISTIC_DESCRIPTIVE,drusen,focus,both_abnormal,21,42,0.23313922737163073,0.2016299341139613,0.17491825128358368,0.026711682830377614,0.13247875593353198,0.006837818335256967,0.07218043020052838,BCa,0.9047619047619048
SECONDARY_MECHANISTIC_DESCRIPTIVE,increased_cup_disc,image_field,both_satisfactory,1621,3242,0.3547748528026042,0.2806510121026812,0.2734103784493794,0.007240633653301798,0.025799421135358967,0.004339171253749883,0.010584793147206562,BCa,0.6526835286859963
SECONDARY_MECHANISTIC_DESCRIPTIVE,increased_cup_disc,image_field,own_abnormal__fellow_satisfactory,259,259,0.3303573798776699,0.24302407672090273,0.23392813253055064,0.00909594419035209,0.03742816067067374,-0.0012715310673102834,0.02419159670599066,BCa,0.583011583011583
SECONDARY_MECHANISTIC_DESCRIPTIVE,increased_cup_disc,image_field,own_satisfactory__fellow_abnormal,259,259,0.3068462563810819,0.2588454064112408,0.24633664540252162,0.0125087610087192,0.04832521921925049,0.0040678871301311125,0.024818480778308775,BCa,0.5791505791505791
SECONDARY_MECHANISTIC_DESCRIPTIVE,increased_cup_disc,image_field,both_abnormal,44,88,0.27270013667327997,0.1468691743672687,0.1470259721092599,-0.00015679774199120478,-0.0010676014396261816,-0.006387537869956914,0.006172629451511645,BCa,0.6136363636363636
SECONDARY_MECHANISTIC_DESCRIPTIVE,increased_cup_disc,focus,both_satisfactory,1836,3672,0.3430471543834578,0.25681765226828734,0.25003959824170074,0.0067780540265866,0.02639247717873315,0.004259431679995049,0.00970108957626102,BCa,0.6579520697167756
SECONDARY_MECHANISTIC_DESCRIPTIVE,increased_cup_disc,focus,own_abnormal__fellow_satisfactory,67,67,0.5151303902599789,0.6603173887020094,0.6455759418766149,0.014741446825394466,0.022324789680871246,-0.017008250702721033,0.07155152857883794,BCa,0.582089552238806
SECONDARY_MECHANISTIC_DESCRIPTIVE,increased_cup_disc,focus,own_satisfactory__fellow_abnormal,67,67,0.48635696298995706,0.748424189697142,0.7193393524687535,0.029084837228388505,0.03886143396856,-0.00024007027819791688,0.07707057040845018,BCa,0.5970149253731343
SECONDARY_MECHANISTIC_DESCRIPTIVE,increased_cup_disc,focus,both_abnormal,21,42,0.29630054858346205,0.36569428167959656,0.3363947737738961,0.02929950790570046,0.08012022438833555,-0.000755909396404216,0.13819783300829194,BCa,0.7142857142857143
SECONDARY_MECHANISTIC_DESCRIPTIVE,diabetic_retinopathy,image_field,both_satisfactory,1621,3242,0.11643580702114094,0.20573370717737968,0.2068630744670131,-0.0011293672896334206,-0.005489461620694472,-0.005829313849559217,0.00332795354671367,BCa,0.8365206662553979
SECONDARY_MECHANISTIC_DESCRIPTIVE,diabetic_retinopathy,image_field,own_abnormal__fellow_satisfactory,259,259,0.06550627831825925,0.045281496357828764,0.047309668022416505,-0.0020281716645877412,-0.04479029687006111,-0.008280421934977026,0.0033379407293056868,BCa,0.6833976833976834
SECONDARY_MECHANISTIC_DESCRIPTIVE,diabetic_retinopathy,image_field,own_satisfactory__fellow_abnormal,259,259,0.09804426515083078,0.13557613787304354,0.14190534391411735,-0.006329206041073815,-0.046683775923758955,-0.035850410408645214,0.0020403358891185634,BCa,0.722007722007722
SECONDARY_MECHANISTIC_DESCRIPTIVE,diabetic_retinopathy,image_field,both_abnormal,44,88,0.04527276381342193,0.04370449328385415,0.04829133657051052,-0.0045868432866563655,-0.1049512977273413,-0.024625363995895613,0.0006708766881343127,BCa,0.8636363636363636
SECONDARY_MECHANISTIC_DESCRIPTIVE,diabetic_retinopathy,focus,both_satisfactory,1836,3672,0.11077678230016735,0.1900335590660727,0.1919016818308742,-0.0018681227648014997,-0.009830488751473486,-0.006234944141134951,0.0021388641472970668,BCa,0.8464052287581699
SECONDARY_MECHANISTIC_DESCRIPTIVE,diabetic_retinopathy,focus,own_abnormal__fellow_satisfactory,67,67,0.07688386642725531,0.07424104241058593,0.07455815348071472,-0.0003171110701287866,-0.004271371465597446,-0.009871369852095992,0.007080041454293006,BCa,0.2835820895522388
SECONDARY_MECHANISTIC_DESCRIPTIVE,diabetic_retinopathy,focus,own_satisfactory__fellow_abnormal,67,67,0.033506364329686684,0.008669235697995851,0.01500996899580527,-0.006340733297809419,-0.7314062644847995,-0.015366437035919911,-0.0017918208034115686,BCa,0.5671641791044776
SECONDARY_MECHANISTIC_DESCRIPTIVE,diabetic_retinopathy,focus,both_abnormal,21,42,0.2299997683258258,0.34091866237967194,0.3152946010220621,0.025624061357609862,0.0751618030492946,-0.001526903723853297,0.0908050403323189,BCa,0.47619047619047616
