classification,endpoint,state,population_weight,weighted_delta_contribution,patients,eyes,mean_observed_loss,risk_r0,risk_r1,delta_r,relative_delta,ci95_lower,ci95_upper,interval_method,positive_contribution_fraction
SECONDARY_MECHANISTIC,drusen,00,0.7801455301455301,-0.0005183741937812411,1501,3002,0.15706019942548077,0.04934053535470026,0.05000499368170566,-0.0006644583270054016,-0.013466783897433011,-0.0014717814142569605,7.862451310130417e-05,BCa,0.6728847435043305
SECONDARY_MECHANISTIC,drusen,11,0.12785862785862787,0.006365906295333433,246,492,1.1462828626486683,1.2658508955072365,1.2160622625307262,0.04978863297651026,0.03933214658473624,0.038747276336180456,0.061166136581952586,BCa,0.6869918699186992
SECONDARY_MECHANISTIC,drusen,10,0.0472972972972973,-0.0014572115620098609,91,182,0.9042167213936277,1.1961985170113485,1.2270081328938427,-0.0308096158824942,-0.02575627326429958,-0.0437367664541459,-0.014176290417697307,BCa,0.26373626373626374
SECONDARY_MECHANISTIC,drusen,01,0.0446985446985447,-0.0011351088926138324,86,172,0.9434651033653985,1.3008594129657078,1.3262541747027894,-0.02539476173708155,-0.01952152667995568,-0.039808116317474,-0.009273534657263396,BCa,0.3023255813953488
SECONDARY_MECHANISTIC,increased_cup_disc,00,0.761954261954262,-0.0010192812991886805,1466,2932,0.16422261879305997,0.049867160740540636,0.05120488053565593,-0.0013377197951152942,-0.026825665934250086,-0.002444079795124019,-0.0003645041426969912,BCa,0.6937244201909959
SECONDARY_MECHANISTIC,increased_cup_disc,11,0.14604989604989604,0.009328629115073959,281,562,1.0697084426897228,1.182858081350191,1.1189851901850583,0.06387289116513273,0.053998778190046316,0.05118006561115476,0.07959395753227717,BCa,0.701067615658363
SECONDARY_MECHANISTIC,increased_cup_disc,10,0.05197505197505198,-0.00033446641305995067,100,200,0.7247146134480822,0.7209718264308839,0.7274069602181573,-0.00643513378727345,-0.00892563835556528,-0.025518610904279215,0.01935751083693713,BCa,0.29
SECONDARY_MECHANISTIC,increased_cup_disc,01,0.04002079002079002,-0.0004239576114353757,77,154,0.7246340313104922,0.6338191065986234,0.6444125409415021,-0.010593434342878738,-0.016713655730147006,-0.0275739255320052,0.00991639722085175,BCa,0.35064935064935066
SECONDARY_MECHANISTIC,diabetic_retinopathy,00,0.931912681912682,-0.006101779344850975,1793,3586,0.039513957670548466,0.02277862520320107,0.029326212185629,-0.006547586982427928,-0.2874443441612007,-0.010567471345754725,-0.00408873499552053,BCa,0.8616843279419967
SECONDARY_MECHANISTIC,diabetic_retinopathy,11,0.05197505197505198,0.005669885888985712,100,200,1.031253281639881,2.080707008553994,1.9716184040499087,0.10908860450408508,0.0524286235667064,0.06922300263238222,0.16771367601325143,BCa,0.62
SECONDARY_MECHANISTIC,diabetic_retinopathy,10,0.009355509355509356,-0.0007779524537322205,18,36,1.3290059605911195,4.243125238760093,4.326279712147914,-0.08315447338782178,-0.019597459115329063,-0.12576937801290275,-0.030529098129173392,BCa,0.2222222222222222
SECONDARY_MECHANISTIC,diabetic_retinopathy,01,0.006756756756756757,-0.0004090760727267443,13,26,1.0783291238758121,2.5807208099614964,2.6412640687250546,-0.06054325876355815,-0.0234598250728491,-0.10608048465991808,0.0039400659814228505,BCa,0.3076923076923077
